<?xml version="1.0" encoding="UTF-8"?>
<beans xmlns="http://www.springframework.org/schema/beans"
	xmlns:xsi="http://www.w3.org/2001/XMLSchema-instance"
	xmlns:context="http://www.springframework.org/schema/context"
	xsi:schemaLocation="http://www.springframework.org/schema/beans https://www.springframework.org/schema/beans/spring-beans.xsd
		http://www.springframework.org/schema/context http://www.springframework.org/schema/context/spring-context-4.3.xsd">
	
	<!-- Root Context: defines shared resources visible to all other web components -->
	
	<bean id = "dataSource" class="org.springframework.jdbc.datasource.DriverManagerDataSource">
		<property name="url" value="jdbc:mysql://localhost:3306/product_db?serverTimezone=UTC&amp;characterEncoding=UTF-8"/>
		<property name="driverClassName" value="com.mysql.cj.jdbc.Driver"/>
		<property name="username" value="ssafy"/>
		<property name="password" value="ssafy"/>
	</bean>
	
	<bean id = "sqlSession" class="org.mybatis.spring.SqlSessionFactoryBean">
		<property name="dataSource" ref="dataSource"/> 
		<property name="mapperLocations" value="classpath:/**/mapper/*.xml"/> 
		<property name="typeAliasesPackage" value="com.ssafy.dto"/>
	</bean>
	
	<bean id = "template" class = "org.mybatis.spring.SqlSessionTemplate">
		<constructor-arg ref="sqlSession"/> 
	</bean>
	
	<context:component-scan base-package="com.ssafy.dao"></context:component-scan>
	<context:component-scan base-package="com.ssafy.service"></context:component-scan>
</beans>
