<?xml version="1.0" encoding="UTF-8"?>
<!DOCTYPE mapper PUBLIC "-//mybatis.org//DTD Mapper 3.0//EN" "http://mybatis.org/dtd/mybatis-3-mapper.dtd">
<mapper namespace="product-mapper">
	<select id = "selectAll" resultType = "ProductDTO">
		select * from product;
	</select>
	<insert id="insertProduct" parameterType="ProductDTO">
		insert into product(id, name, price, descript)
		values (#{id}, #{name}, #{price}, #{descript})
	</insert>
	
	<update id="updateProduct">
		update product
		set id=#{id}, name=#{name}, price=#{price}, descript=#{descript}
		where no = #{no}
	</update>
	
	<delete id = "deleteProduct">
		delete from product
		where no=#{no}
	</delete>
	<select id="select" resultType="ProductDTO">
       select no,id,name,price,descript
       from product
       where no=#{no}
   </select>
</mapper>