<?xml version="1.0" encoding="UTF-8"?>
<beans xmlns="http://www.springframework.org/schema/beans"
	xmlns:xsi="http://www.w3.org/2001/XMLSchema-instance"
	xmlns:context="http://www.springframework.org/schema/context"
	xsi:schemaLocation="http://www.springframework.org/schema/beans https://www.springframework.org/schema/beans/spring-beans.xsd
		http://www.springframework.org/schema/context http://www.springframework.org/schema/context/spring-context-4.3.xsd">
	
	<!-- Root Context: defines shared resources visible to all other web components -->
	
	<!-- 데이터베이스 커넥션만 관리하는 객체 -->
	<bean id = "dddd" class="org.springframework.jdbc.datasource.DriverManagerDataSource">
		<property name="url" value="jdbc:mysql://localhost:3306/product2_db?serverTimezone=UTC&amp;characterEncoding=UTF-8"/>
		<property name="driverClassName" value="com.mysql.cj.jdbc.Driver"/>
		<property name="username" value="ssafy"/>
		<property name="password" value="ssafy"/>
	</bean>
	
	<bean id = "ffff" class="org.mybatis.spring.SqlSessionFactoryBean">
		<!-- mybatis에 대해 모두 알아야하므로 connection을 관리하는 객체를 받아야함, datasource를 의존한다. -->
		<property name="dataSource" ref="dddd"/> 
		<!-- mapper파일의 위치 sql명령어가 다 저기있으므로 -->
		<property name="mapperLocations" value="classpath:/**/mapper/*.xml"/> 
		<!-- 별칭을 붙여서 짧은 이름을 쓸수있다. -->
		<property name="typeAliasesPackage" value="com.ssafy.product.dto"/>
	</bean>
	
	<!-- template는 dao가 가져다 쓰는것 -->
	<bean id = "template" class = "org.mybatis.spring.SqlSessionTemplate">
		<constructor-arg ref="ffff"/> <!-- SqlSessionFactory를 의존한다. -->
	</bean>	
	
	<context:component-scan base-package="com.ssafy.product.dao"></context:component-scan>
	<context:component-scan base-package="com.ssafy.product.service"></context:component-scan>
</beans>
